wallet,count 
0xc6f236891c3099ce4b210793bb1b3030fffbaa67,1
0x4ea7524f74f7c26a6a29f05b40f6126f64890e75,1
0x7ac3a31b933575abd7e249b8f391290a6c1844b9,1
0xec6aefe1d661ad80a359533e04daf05101c09c2f,1
0x974fa84a3b7357b0315b14b1e14af83dc07a9e22,1
0x5f1f8fbcbdf4349b57d4738997870a130c8aa10c,1
0x0a25f3d8bc23b87375d795c2521d1c49aa0784b8,1
0x5e4f4e4618c76109307ea7542012bd8bebdb8e81,1
0x580db445a23109c08865ec84a567835c9f231439,1
0x49594fb73a7912bc6da5d33a1060aca029907086,1
0xda48f922a4ec0c4b78758af9e83e69d1b687edd1,1
0xeac5f9b3cd48123a69fe69ce93a7f58100a56552,1
0x66d4908e053f7150038b1bf3579cf384fde0ba72,1
0x9c3afa36ef81473a3eed870850b1b7ed4bf657ee,1
0xf9b48051D6441B32AA2702716f8E4cFfC62d9d07,1
0x003EF9575e9535636651c0C15ea376266DAA09F8,1
0x2bed5fd1d5c2919c23f5238dc9bc61fc6f7ab635,1
0x999d07c6bb87965c9eaf99ff3bdb18329013a3c2,1
0xf8bf931241662b9445f671ad3a80d7468853d61f,1
0xcae1f337e0f6b4c40d5a8f414afa4707374eeaa1,1
0xecdd00ff87b5308da809d36854ae22ffaca7ca87,1
0xd54aa07a5e77bcc0269e2f1a830139fb72d818a9,1
0xaa3c856e868ff9aae26458b0e8d5bfde995b77a4,1
0xb95df5b3d78401878a8f4ce52feb85edcec8bfb2,1
0x8c4a1483ea56ff8c7a9b71af38ff97463f6ec5ec,1
0x8d90cff4ba575266c82ed4b9bc1b5948c12023bc,1
0xbcb3bacdec563a3437a347202618119af9384f2d,1
0xc4ce914745a17d43602b490ff11f51ccca98960c,1
0x36e0c6603065b974f2d205ffe6630d2c7c51d23a,1
0xa6667f1a0bea0d7b96b47cc1357631842d05e40f,1
0xc51e4f7ada44ca984cbbbaf035b8c2f4672b751d,1
0x9270181fc52fc49154bd86d5a1fa968e7b676b1d,1
0x61fae2d53ce42d87a089753c55c2d26309f0a89f,1
0x082c0446895ec52d27fc720a06a4340d1fed0fef,1
0x6745428660b2c154af3a8309358d0c92634d7461,1
0xfd82ceee7dcaa68f858fe3979ae2ef8ffbbd3c84,1
0x85382046bea6a2e8c6e895de51d42446767db4a2,1
0x9ee6602c6900f2c55c0207b296ea4bc7d95765e9,1
0xdd08023fa5650fee24caabf8649f5cd92cff9ed7,1
0x9bb78431797c98c7b742b41ed53d15e744d5720a,1
0x7426dd8546c43f4da37545594874575fce166b9e,1
0xa3c277b8f35881cbdb017e52bcc376b3ce8f21da,1
0x52002dee345c2d74ea4bbcee48155a862072abde,1
0x74daa69e3bbea9a9185170bd642b7a969ce189b4,1
0x3a14f8c5fa803b28a97b681e1e4fc6644a7f0c29,1
0xc112ab488eb78b8ff702aef53f5d766272fe4087,1
0xc66dd2dc3aeb82df500bd4434cd7456b34043736,1
0xb2020a1d0e40e1a65608aceccebd4319efba84fa,1
0x66f98f7fce3a554a95ff2f9cd52a42a87a95a2f6,1
0xf94455064dfc1bd53de14fed27637b46da39d917,1
0xc276f7f6b91d628396679158f4203a7b516cb536,1
0x756085e47e85a1c35096112f42f3d3fef17ee35b,1
0xcfd469fae83098f72ed8464cc36a006a2170698f,1
0xb47ca486f61532cb40630eaee136582154007cf3,1
0x3f5c2be8b6e799fd388d9d1da2b87e4da62f505a,1
0x074ff5254b5c4590d5ff4a2d3051db95ad51689a,1
0x5bf65fafc05fce41c5703d2630b56e4e950f2b1f,1
0xd0443b614aa64f06b415c6cdc6fbc60bfad167be,1
0x007c4bb067d9b6afeb4c13415477d396123c4aa3,1
0xb8da309775c696576d26ef7d25b68c103a9ab0d5,1
0x006b359c76eb12d5502073f2de09bb18c3a00bd5,1
0x9b7686c3af3f6fb73374e1dc89d971335f09fafb,1
0xe39fe33abf3d05266cbcb6bfa7ccef9b7446079f,1
0x0a65e21e5148e6a68fb438ab02b0696a9869405f,1
0x41a00092909aa49bb3144ea576d54c4e3e388bd3,1
0xc66fb0f838430b7f4d1def40e3bbe85990cf50ba,1
0xb50260f2076d744a6a87d4ba0102fa8770c08e34,1
0x7ecec2a6d33dc989181e1547aed92062305a3108,1
0x33d3c029fd119ebb90df20c3427a97074637bf7c,1
0x206f3830a70514d04d19ae274c1905ae267b19b0,1
0xd7b5bdfc0757b599e3a875735fc10cb6df939c57,1
0xca7e077ab56ba580f7dbe6e50cb2468827bcc40e,1
0x86a8bdaa13854ab7c9a1084abec2ea0727042d3d,1
0x9d91b6d634df8a96388c1a121d528165a4ef980f,1
0x91f3acf393de794e7291fbf36dfc408da617cff0,1
0x21dde869d191343fd0fd581788ad051d37678318,1
0x8837dde34b64f8205f92967ba0f85de14948aa2c,1
0x627d5ed9d7b2ec21a785ab4c560492b3eb65fb3f,1
0xf3ec442f4bea565cfdc63fb279bbe08aa78e407d,1
0x6b4d26375326d42166065424c7d2382e1150ab6b,1
0xe85b88f4c02b0c305c0ce03082317420337ec334,1
0x9e111f0ba6a963b6e8083ab3ee442d3a7c323e87,1
0xc5ec89d7886044a330abec9c002259674f6de42a,1
0x7f27de8cb92173446ebc93b526d1f13af8e27050,1
0x96fdfbaf8e576b6b96720a68efb033692e6560d3,1
0xDD1baA28a9D5264AA4650AC524466E0Fb1510FFe,1
0x97014acb518232165431Aaa2EEa92e0480907ca5,1
0x8F22b1419841ab798dB2FB00C294749178C5d092,1
0x4161Cb28B929e90C284cd280DaDDfC5cFC76188e,1
0x35ec1be545f96d7d11d430caeae00463a3fdce3d,1
0xb4ef36F301f167eD4e5e4531E431e4D51d70672C,1
0xc95516a1C8d0888C6fB693633c4aDb3822685414,1
0x1a8F10148aB7538e7360DA9778591E9D8C0b1b72,1
0xf455a1d5b937d06256ce86e3fe7f458b6899bd0a,1
0x016A3B3194DBC41203d678c04125D790b881dA43,1
0x280a6bf7cb0f7258589825ffdecab991416de7fa,1
0x1861e409c30f03a9e3600467aff8db7f23723a4a,1
0x87f7937eb31c58b3c51810bcbec486b73917b617,1
0x3550aa225bf08de7ce3e3ccc1f841d19742e461a,1
0x962ffc0dc613bd99ca0fb3d86277c1e6014983c3,1
0x3416884c597b5b5ddca07c2f20b489e30f226a3b,1
0x0897a996954dc23705e55aec9a5c3893655a5d68,1
0xc3655b404f84773dbc76460dfb6044e0bdda0223,1
0x5b0c1a42f3836498d29d7fae8268621c25701f27,1
0x0065058668b350bee2763d43d14ff293d916b106,1
0xc4396b0e2bcc71469ac3b40843fe79813cd29168,1
0x3dd7cb6b8f03a866ce541ce9fad73e1f6cdf6261,1
0xb32e8c780e7f66b9e375257220c0f3e62d684f6e,1
0xdceff837fba50e5f6eddc034cd1b1168ee365625,1
0xffedcdac8ba51be3101607fab1b44462c3015fb0,1
0x7b9bf52c5142cee3ad2c9a9e2ef84f504d4fe901,1
0xb9bb6b1ad1c2795e3eadc6a742890beec4cf2622,1
0x42514bbd93505a9cf01ada12cfe540ce30550db6,1
0x222295c82a24ca8c8ce216942d78aeca3a324f50,1
0x5e3cab8074c647c8f51cb3491fe64c00b2fd8355,1
0x1ae6912e08bb3e105a4f0a60f666376d3c7af380,1
0xbcc462c488f8da534af98f0f2e529cded02d9cb5,1
0xb1cdc96a400396e66fd6ca1994feda0d9d91f4e5,1
0x9bfafc6e77618442ff35f9c46c88e7a975bc3539,1
0xe3aa004fe464a03db6c9d71db76b7a17c48a936b,1
0xae68b4ec732c534f5d3d0b990af2e3fb7e25fbe3,1
0x1d74d75178f4030b0302d808e5ce296e61813749,1
0x1e6c1375abc832540da73994bac82a2225a9bfbd,1
0x71072dc1cb716cfbbd25a545cb9019fa5322bedb,1
0x26e2e8a24e867e5e96ea0c4913e659cdc8a97973,1
0x7949ef5b6ffee4344ad67ec6bdaef53ef9e8c6bf,1
0x80b1960ce559fdf3f7543b0d87fbb5381f8c3903,1
0xeac0930860ad561246a1f91108f3b6bffab39100,1
0x62AF1e88760fbA567EEad259470883A94A24b83A,1
0x42773eED4b77a171Fec6a91360ca150387CCC4Aa,1
0x93bBD56b53446cDA8936fD8927B26a1D4EAA91Fa,1
0x00EBE237746bb81496c1706BAB3F01fdEdB0276C,1
0xcc5BF3dAC1F4b85F010C50a4CdE9884dAeAcE302,1
0xbf08E633e33c01f31f7F33B2766dbC44cE9f437A,1
0xab6a2be620f7e16b945162324f10df357d36c0c5,1
0xee15fbdc0b4498597fc3cd635e1760cc0f2c06e9,1
0x775dad81815c31d9c9d638793d8e900d5bc8122a,1
0x6f99FfE91102EC732435E094fb27cB99537F7Aa1,1
0xCc542C0B8CbEa5C0a4823D36Cf8C6c7b372283A3,1
0xb56aA905dA32cEFD4567E664E56b0af1e474DC72,1
0x54fe014a1fB506fF3A00D863E6522f24E6EDbA47,1
0x43E6672a9aC86c15E9c64f87ce0abdde700aC949,1
0x028d5eecd2e80310600e2b08527ebc1485cfb0ea,1
0x3bdc5c616222fF4f4769712a62aefCe799471376,1
0xa5f725450935bc6cd4c1dc51f165901a657c2460,1
0xb2644b8c5d4301759616d34c2c60e1e39dd5712d,1
0x36ce8c0304ecceb001162d530d79eece2226dc16,1
0xAFecAA75cE96586779a313f8Ed97cC16E19E49F2,1
0x4f2310E0960872673ec531c0681d2d709A098fc5,1
0x691ef1d802c91162440c27a02e4b6d3c037607cb,1
0xad5a28c723ab853e2f96a5f96f74c6c38fb6fc5a,1
0x9a67670f1167B4bc95cF9CF7549bD8a07596880D,1
0x4d0901f447eeec7f923d164d4734be57b4f02b7e,1
0x0f2cbD9CfA3e36937B5BcbCF331750E22a9811FB,1
0x54888DD86CBaf5cAD298e882d60695716267A818,1
0xb65da9a7e7def624c29f0feb9b51dfe9e01a8927,1
0x646969684d0c11fd1fd6c8b1e26fa87dd114d179,1
0xfe7f14703d91a73643327c0f6349d81c2b59c359,1
0x328f23c340152edd00caa6bb61761736dcc4e44a,1
0x7d008d13f4cfcd5c59534756a2562a4fa93edcce,1
0xf994b0748195d347a16e84d261b17a22d8d96135,1
0x12a650074a084f450fe41f90199f0a4dd21c1ddc,1
0x35ac92c757a227954a60b67a9bd3092f391afb56,1
0x1a31395f7ee44b6c5aef70bbd48718aa1b33b789,1
0x7656067e4057ca582277467123475c2e3691f28a,1
0xcb482005596f52839ae4505d73164027ad103376,1
0x070339e8016ffc869dfaf647fbd78513a7d735b1,1
0x5c6e33ac057d6bb4c35ada430357cb4ce6502c86,1
0x68f23793a61ead8d02e9dabf5c50d4814713a9b0,1
0x748e56db8a0b50ab45e5ee166d768b0f068a17d9,1
0x52b54cc9ff0555ae19930b0d27a035936357d298,1
0xc1bc1b32b437b81345b84f77d300d95bd24cbb95,1
0x6772bbdfa84a5b74a649d21357656e1a1d929ae0,1
0x8c3996617922c3ca288958c233141d2672b6c4cf,1
0x2b87b19db9945cef02c2d5b07d99a17f8fde0fb9,1
0x7450737af07d20fe9b7b0a0dd2bbd8445b38bcd0,1
0x29754d7a9f9f344327158e2d01508efa415bd558,1
0x8ffbe85251fbdca519554e4a3dd4035cbc4692c3,1
0xa0ff0e41d6847b1fce33a721a766e9e040027e6e,1
0x2794b05689d9a55616e8823d2919f20fa9b04ad0,1
0x8ea616ebc49722bf93a5fe82816b2ff22f451fcc,1
0xbaad3fde86faa3b42d6a047060308e49a24ec9e7,1
0xcd966ae034df81a3813dfe15edf55b967a09f465,1
0x90a948efd36f4cdc8f2e779c4abe76dc23aab936,1
0x493824a4db3f77da3f41836ee49eb6d38add82d2,1
0x45629fd0ec71563c97296ff6727a458dc61a579b,1
0x81b7220ed701c0f0f2d52213bdf2901280f4e4fe,1
0x78ac447de0915da66a81eb6dbeebfe1e3e031b39,1
0xa83ab4e860076f117175b181c7b169f828081dc0,1
0x9595cdec53387b1bac29e4545b7534461c32c817,1
0xeee5e9780a185d059edb734749f86a451fab507e,1
0x353339c5ebc17b740be010a6f7c5627b46b005e5,1
0x670066ea79e44a38d7f69776967dcd9b9f50f794,1
0x46290d451265bc1a24f46e7d0c2e437f97ddeded,1
0x08daf07f8206f6f9d4eca20fe4d1d57fc02b928f,1
0x60db42508e9e69daf281458fae501e0c9814e90b,1
0x3269c35909a6d34e125873cca7808f4b5612d8b1,1
0x9fe2a1733b00b36ff4ca2c2883940e4d92f6e024,1
0x87bf447ac29ba9498e5c0859513c39a0931f303a,1
0x5e7ddc75ddba78301f35e4c98b6c1f1684a6fb8e,1
0x204747a864c08644151c7052fa9afd0769edd734,1
0xfb4ddbfa8a7140722fb67cde03d5a299672b31a3,1
0xc55c754b9f11198bfcb5b6f1315d47daada0c4ab,1
0x2731a727591c6401a3c78490275306c7f8ac7484,1
0x5801fdaee2cb29b185122582bca6e796bfe47dd5,1
0x65ab98d7ccd7d0542b008ca68c37bf14dc7f8331,1
0xdf28bdd701a7ba435b71e9d66bb1b7b0740ff310,1
0x0147fdc26d92bb0359fa92fe5ec0e8a3505af484,1
0xbe32eb8a464001842173f02fcd2cd0d4441a4976,1
0xa4e4fed263c4aa8d7359328610bd3218bdf30ab2,1
0xe6dd972a2002b6b5ab74697631e6f328569ff67a,1
0xc174c0d12f578f1dbed22771466808986f40216a,1
0xca6e18be9db059424955aca10fe75dad1f27e59a,1
0xdeb4cc521297ef11e9a277c1eb68d869d5d75ec5,1
0x254985ff1f6b2bcc3b9b6c53827a2e4710ac4033,1
0x4d42d679cc113ff293f96e1b820209c661ee32e6,1
0x09dc47c3c21a11f41e25a058c1dfc07951661c22,1
0x8d6662deb08786547af2c10aa609d469e545baf8,1
0x01e92264abaccd5e77be8a9a0ed5f1115fa36163,1
0x5d22babfdc8047c4a91070aa04759bda4ea77f84,1
0xd35fc346e15ba5b446917c9fd23a9471d6144701,1
0x7326f20e7c774e91c7f2a3971c43296cd3a5fc5d,1
0x3cee1fcef8d09a758084dd9e98fe57a7012e525b,1
0x8b97066ffe92e889bd53d4dce2b13461b8ea7ea2,1
0x8f2ea7613598bf3d0b926826f8ddfaf01a0e29da,1
0x2d1c0d03efebd916346927e465d38556c832eb81,1
0x69b47b92f12398f8f6d34f2ad1be72da6c8a5445,1
0x174a62b0bac061e0f12a4257fd3cf89067513565,1
0x82674c58211c0134348b016810db718b832d4233,1
0x13257e056112d578414e5d291926c9d684d5d9ef,1
0x73a77f11b533dd12c821a16e409723fbd9e3853e,1
0x3912d7ea8140e16dac355892653f3512c3cf3749,1
0xcd13209af1a458279f61882db3a9b33c2d3cd8aa,1
0xc0e89289d179151768748297395294fbf3cb8d0a,1
0x59e147ec5bb417745356a1e2d9433f3a07d74419,1
0x63845bce6a4fdb2bc07690459c0c82143862eac7,1
0xac1186397eb46f99f695f2c29696a491b1572034,1
0xba8e220834c32fac376bbfb33820c001f022d72e,1
0xd9ce0bb6f86f71eff83901367aefc0d1d9ef9905,1
0x14f97f92da702af1ed4f09c5612dd0fd590403a0,1
0xa2d761ec9bd748255be89231fcb7e1978f36e2f1,1
0x48e37930986820435b0255886434eb9030856b14,1
0x872ba908245adef986f38ca65386c17a52c31e97,1
0x91e3f26ca002058c364b06696ac6fbce515e38e1,1
0x05b3e5ac87955a526a7ff8589c595bca81d4a341,1
0x0241dfb8165dac08d3f78cb931cf46d110f16733,1
0x076d40d4453a72a3dec44970b1529baee379dd0b,1
0xf150e2023ab7444ed4c1122c6347eca8a5bb2c0c,1
0x7a9f83c02765f0072d6adc54bb3ab3293d241c33,1
0x0597425d30b8e40ad2041780fa9ed346a849c8f3,1
0xf2a8004dab1742e34139b11e3e414143f5512f0d,1
0x28c173b8f20488eef1b0f48df8453a2f59c38337,1
0x321446a5aeccc63b4cfb73276cc6cc945823271a,1
0x3011b92c96acc5af62669ce441ccf6516b3c3e60,1
0xb56d7017081006d95f3e2da76e1ed264b02d1796,1
0x2c31159f1497aed2cf9c028e55416f3050db1dff,1
0x5426001dbabf1aa6de300b290175e021ab80be99,1
0x0c84f018ac94147179ca65b461e3f7f1d36d5bb3,1
0x1af9b5be31922b3a23862ae32d8d8a26eea5da8e,1
0x1af9b5be31922b3a23862ae32d8d8a26eea5da8e,1
0x1af9b5be31922b3a23862ae32d8d8a26eea5da8e,1
0x1af9b5be31922b3a23862ae32d8d8a26eea5da8e,1
0x1af9b5be31922b3a23862ae32d8d8a26eea5da8e,1
0x06020f527c640692542d542a4d25fc104e8f46a5,1
0x47442f387724c434603567be77ee79ac927cd84a,1
0xf4ca3cbd18abc4a6df16ab595a362deaca444cbe,1
0x40ff13b10fbcd469cdcb6b7a6ffd57c33d3297f8,1
0x5132ed842a01b4e28aef8f6df0df85762b9d2b8c,1
0xfa7254a300e1d33779d8107a5d4074b568b9fb9c,1
0x4074d0b0519610bb675e7d74b4171039d230f451,1
0xc95dacc7a2982231ffafde310b136b2e7187fab6,1
0xd6f631c796a56a5d448dd88a01f15058c4a0be52,1
0x6b737517442d42dced6e424cbdb4d29a6f5c2763,1
0x3fd7d5e4bafb835e044da3988c214f75eb9f470e,1
0xbc01984188cbaec2fc97ee5c6567c6a3de261660,1
0xf17cd420b438529c27eaff9e0ba10ef3ac2560ac,1
0xbee3ef3d62fefd5798e9b708c1d4bd5be2911832,1
0x6b8ee579f5a8c8c67ab04d5a09768ca7efff9ae8,1
0xb76e4a9932538bbad705d2936d0db755389cacff,1
0xe8d0587d82ae54b0dd1f8e234ba3f0ce1e2f047a,1
0x41955ab7d12f9f6c03de972b91d9b895d9c2eaf8,1
0x7988dd1dda1f35542a2b8d5f7de575563ebf068e,1
0x723b95c0b84ae2bb9538daa286e83c847c812ddd,1
0xee38297ed7c0e96849ec8581128033f99f48650d,1
0x588c3706ed6a80ae73aa7140609c0d6aa3a514e6,1
0x064e2e9c7df51861ac4492551baf1fd6e3286074,1
0x064e2e9c7df51861ac4492551baf1fd6e3286074,1
0x8ba61b7536923a08d1522361e990355b125d2a20,1
0x8e9915a968f983fb4df50306c7cb22edce0ea2d7,1
0xd0c3339848fb597abd46fa650e3e411715f0bfb8,1
0x8b5b9497e096ee6ffd6041d1db37a2ac2b41ab0d,1
0xb4a3c618b6b9033e92d1403ba85fff8069a1cef0,1
0x3e3f3e12bbab359d11b8994a219e6e8e9f44848a,1
0x67ee7cd48823b69734deea75197a3652efeb10e0,1
0x6786939a63acf04b5ea7ab42178a30e1453f7453,1
0x44de03c876d575344417ff01e8a943d561e8df5a,1
0x616ed054e0e0fdbfcad3fa2f42daed3d7d4ee448,1
0x74379944825dbf2a44c1d9168f66c4da0fadba15,1
0xbf49db9a6efec8eae0f9b1fa13a5d622d2e9d6a6,1
0xd63f51122663aba57079af86a67f70c0ee8cc401,1
0xcddcbd9c2665a71cd4cf5d1fac0740bf7643f260,1
0xf4835d15ec30bd62ceb8dd2c5307265bdefada16,1
0x16f1edd8dae7363ae6a863e357a5006e6b3900e6,1
0xb5246ca4eef216caf884d54e9ae4c629e358efa9,1
0xba64444d6d16d3661644464140d2dec3708ad332,1
0x6b38f21d548f77b09842d757124e1932a60efe69,1
0x94d1121b1fb7fbc325ba9af7b48abfa4b1480613,1
0xa75747d5bd207d4cdb5d403502f39257a10804ea,1
0x6ac40b84f5732ccc2d21ebe71f2acc4140314843,1
0x7ce25541c54dc7a7701d399579076ee50fd2a44b,1
0x80556ca7e9534c23702c9067789bc893f576bdb4,1
0xe9ed9c5a638d71b7cfd4677d9a09f94e5733ac14,1
0x88e378afe22d346dbf94d202ec826fcb2d52a834,1
0xd4db587755ae1b265f579f77bbc72916c2facc10,1
0x27f65d0070c75f0fe15c36aee85760256d46309c,1
0xebe8184a565382a99713cbf58ba756ad6af5421f,1
0xebe8184a565382a99713cbf58ba756ad6af5421f,1
0xde26b5a134c7e6f6f9a041b71c701430e9fa9630,1
0x3a4ddccb9a7037cb6bea4ed31ffdbe7179eab42e,1
0xcb37f1fe07988e6ff6c21b28b986fed13ebfa549,1
0x0ac5ffeb83c5ff9724a266903da39dad0f7299c8,1
0x0ac5ffeb83c5ff9724a266903da39dad0f7299c8,1
0xdb1ff7681c8d1d0afd71d5a63a99fc48b9c07c20,1
0xdb1ff7681c8d1d0afd71d5a63a99fc48b9c07c20,1
0xdb1ff7681c8d1d0afd71d5a63a99fc48b9c07c20,1
0x0c4a4a7fe3d3e114fa20acd1d2136fb620c5f36c,1
0x07bd1f3c2197719fd8b439c01ed0e60164054e52,1
0x7b6c987b3c3f09803be5ae2dac2c64c224d675b3,1
0x07bd1f3c2197719fd8b439c01ed0e60164054e52,1
0x6232d7a6085d0ab8f885292078eeb723064a376b,1
0xbaf725fbd18ae95d3af821f8f84d9290f48dbf50,1
0x6232d7a6085d0ab8f885292078eeb723064a376b,1
0xc9df577d0b5d895b4304676c64fac66b41838fef,1
0x2422f2caf7fa802b7edd3dbe916dafda87838503,1
0x2882898129bfb577f756350d8443265038fce7cc,1
0x58e26b223ca4cf395e74661c6180fc3986135f02,1
0x9abd34241380645339e43a0418140eaa96cd1ed9,1
0x8ca8c31384ce3f55c20e7fecc136b76d0f096de8,1
0x320ebf9016cb0e0994960b694fb5ce22cbdc947d,1
0x02e4f367fc7cb77d9b6818440648fc4dd5d21891,1
0xd9bc1fc51b8d8369980505aa96e975da03346b4a,1
0x2038daa0b0249ae1d7e93e5b9301691ba618fe5a,1
0x2038daa0b0249ae1d7e93e5b9301691ba618fe5a,1
0x2038daa0b0249ae1d7e93e5b9301691ba618fe5a,1
0xd66f3fd0f89f59409adaf7bdca536016a765670d,1
0x32c25fa2080f40702379bf6cfa7dfe4d34fc296a,1
0xb097cc20fc0adb87067e2879692d0da7083f7f46,1
0x47dab488e560f2228a287efbaa884178e4f409d2,1
0xb097cc20fc0adb87067e2879692d0da7083f7f46,1
0xb097cc20fc0adb87067e2879692d0da7083f7f46,1
0x6180d9803ef26ae060a2a08262a7207bac038f87,1
0x27f33f5af3125c7488051134872e6e7a3c5a644a,1
0x27f33f5af3125c7488051134872e6e7a3c5a644a,1
0xf181c6e3efd05f7c90453c090d4700e26b5371c1,1
0x279a3fdbd6d6252afc5c422439c7d7859a51a05e,1
0x1738d9eff0ce8462724c6cd9a5e1c96af95cce59,1
0x0e4206b4118703740a14cbeddea58dd60fbda0af,1
0x0e4206b4118703740a14cbeddea58dd60fbda0af,1
0x4f0af4d1d996273ad656b80f2b8e2925c587b068,1
0x0d0cb0e747ef8c376eeba2903166e47d39cf0723,1
0x0d0cb0e747ef8c376eeba2903166e47d39cf0723,1
0xcc95243658b8de2535549f4bb975f8e858e53b67,1
0xc68f411bed6acd3c03fabe72d238dcf9428b7629,1
0x614ef48f3db5544a33c148921352ccb32ff480df,1
0x614ef48f3db5544a33c148921352ccb32ff480df,1
0x614ef48f3db5544a33c148921352ccb32ff480df,1
0xa0f3a3a0cf603ea85e73e26563b03e83ae9fe344,1
0x8da03feb7174b4b2a6b323f3dc40d97f3421cd07,1
0x0f40eb4dcb6fe9cba23cbb82663a53c9577d548b,1
0x2262021adf8e30b439026246625aa39d036a0341,1
0x1156a767b4de8af9f77adc8f30313bbe7946b14d,1
0x2262021adf8e30b439026246625aa39d036a0341,1
0x914bc99c05489f9ae6625402e0003b3a9488eb98,1
0x4d95b1ea2a8a021fe98b5d60e5f835aa7ba3362b,1
0x647eb74a5135a0f24beee3c2d8432adcbb32c2a8,1
0x647eb74a5135a0f24beee3c2d8432adcbb32c2a8,1
0x8ac6a89a3484b372acf4f0de03646c8b2a962911,1
0xb78f8384ff0689357dd03e1c2f5214d3845b623d,1
0x71bc0242adc7d846aeda9eba2b98ef9a08f17434,1
0xb78f8384ff0689357dd03e1c2f5214d3845b623d,1
0xc3675d30a16b7e08237de5e71d29b70edda3ee70,1
0x71bc0242adc7d846aeda9eba2b98ef9a08f17434,1
0x6e6b9cc85885925ac3d7bbb55c94373be9c9c940,1
0x71bc0242adc7d846aeda9eba2b98ef9a08f17434,1
0x349021deb209bd7100873496b841f5dcd2b1e1e0,1
0x647eb74a5135a0f24beee3c2d8432adcbb32c2a8,1
0x647eb74a5135a0f24beee3c2d8432adcbb32c2a8,1
0xc3675d30a16b7e08237de5e71d29b70edda3ee70,1
0xc3675d30a16b7e08237de5e71d29b70edda3ee70,1
0xb78f8384ff0689357dd03e1c2f5214d3845b623d,1
0xc852271011dae82ab1a14752754e560a317e8361,1
0xc3675d30a16b7e08237de5e71d29b70edda3ee70,1
0xb78f8384ff0689357dd03e1c2f5214d3845b623d,1
0xb78f8384ff0689357dd03e1c2f5214d3845b623d,1
0x71bc0242adc7d846aeda9eba2b98ef9a08f17434,1
0x71bc0242adc7d846aeda9eba2b98ef9a08f17434,1
0x95131b9190f129bbe2c268804bf39c43e3711ac2,1
0x71bc0242adc7d846aeda9eba2b98ef9a08f17434,1
0x349021deb209bd7100873496b841f5dcd2b1e1e0,1
0x77424437e320fc70ab04d983e259ca6e6e205c86,1